0.39171695709228516,2021-07-12 23:23:06.962527,a6cc024b-3fc0-41be-9ae0-5da154311992
0.32935547828674316,2021-07-12 23:23:37.552812,5e82acc2-efb9-4b57-b29d-1744887ec1dc
0.25107598304748535,2021-07-12 23:24:08.170299,6a047653-ef70-419c-acfa-b651f8de14c3
0.19736552238464355,2021-07-12 23:24:39.053261,d5b3caa4-1b18-493c-a988-9f3feee31071
0.3343932628631592,2021-07-12 23:25:09.642212,cc5f643b-f90b-4b2d-8758-39a977a1abb0
0.19762873649597168,2021-07-12 23:25:40.291766,9890cd2c-6fca-4191-a300-dc328bf1b10b
0.3374769687652588,2021-07-12 23:26:10.919405,5d69cb02-a349-46b9-a878-915824075699
0.2441544532775879,2021-07-12 23:26:41.740759,89b5b3b7-497d-4d25-a2bc-9630a66d909d
0.3165559768676758,2021-07-12 23:27:12.145043,615c6669-cf19-40e4-82a8-f7cf16966d53
0.2442493438720703,2021-07-12 23:27:42.601293,a7a231a4-f971-4c43-8d8b-fb992d6c74b0
0.19731664657592773,2021-07-12 23:28:13.035093,88796ea7-f4a2-4997-b100-5abe0369d4bc
0.25055575370788574,2021-07-12 23:28:43.370104,6ecce096-9f82-494f-90c6-97c3208c29ec
0.20334196090698242,2021-07-12 23:29:13.766220,ebd2e316-6979-4dc1-81a8-b54b3c08b359
0.22383952140808105,2021-07-12 23:29:44.163341,123d365d-013d-49f4-a156-7605e7923f62
0.20699310302734375,2021-07-12 23:30:14.518080,4b1b9da6-7591-4a77-94ff-a1a23c1df022
0.21637868881225586,2021-07-12 23:30:45.089912,6b8c2922-236e-48a6-a3e9-c9d1bf848163
0.3106958866119385,2021-07-12 23:31:15.508081,eb5c0892-aaf3-4e14-8e79-0e5c02c81853
0.32152843475341797,2021-07-12 23:31:45.961397,ff21285c-afda-4bcb-88c4-89b749cd49bd
0.20807266235351562,2021-07-12 23:32:16.523108,6de906ff-e8d5-42fa-aeb6-3abae581c187
0.20735764503479004,2021-07-12 23:32:46.963988,5fd604b5-562c-46f9-ac3c-f32d24b8fa3a
0.20785212516784668,2021-07-12 23:33:17.313527,6c0b8524-f223-4950-b7b2-806d2867478f
0.21027183532714844,2021-07-12 23:33:47.670041,761cd3fc-8845-43cf-a75d-64f63049ef6e
0.2156543731689453,2021-07-12 23:34:18.028664,910980fd-1f8a-46bc-b112-156ea458e4d7
0.203948974609375,2021-07-12 23:34:48.411179,8d4262be-67c7-436f-b6d9-5b989dcd9497
0.22732996940612793,2021-07-12 23:35:18.896146,d202b72d-16a8-4b7c-803b-ae13c63d33c4
0.31121015548706055,2021-07-12 23:35:49.281943,f81e7cd0-ea18-4189-8438-83008d73acd6
0.22175979614257812,2021-07-12 23:36:19.734719,29f2a5af-47e4-46f0-aa71-406fb78f01a8
0.32715392112731934,2021-07-12 23:36:50.370927,33abeaa4-5dd5-4984-9fcb-e935c5f39ef9
0.21050810813903809,2021-07-12 23:37:20.934509,7a215f9a-7fa7-4a79-b462-9929cf9d3eca
0.31110382080078125,2021-07-12 23:37:51.537959,902bd115-de27-4d44-8f4a-16ef8c124971
0.21631550788879395,2021-07-12 23:38:22.138482,a36bb415-b980-4f79-9d12-10f29195babf
0.19760775566101074,2021-07-12 23:38:52.790182,b5ca37fc-5f6d-4c83-ab09-33235c493381
0.25259900093078613,2021-07-12 23:39:23.328135,b363b2ee-114f-4ceb-adca-6213d0391e18
0.21031618118286133,2021-07-12 23:39:53.729857,237505aa-9bef-4e71-b4f2-ba97d459eb84
0.20501041412353516,2021-07-12 23:40:24.274023,4b8b06aa-638f-44c3-ba0a-9b6165cc6479
0.32279348373413086,2021-07-12 23:40:54.872996,62a0d924-2cfb-410a-8fea-e565bc51d84d
0.2258310317993164,2021-07-12 23:41:25.392312,e6a2dc6b-dfcd-4587-a07c-ded7780ad5a2
0.1998898983001709,2021-07-12 23:41:55.780422,97a463aa-986e-4f7c-ab08-bcc18ac23502
0.23625802993774414,2021-07-12 23:42:26.404576,916cfa5f-ef62-4be3-b69e-0f344ebc11f2
0.24865055084228516,2021-07-12 23:42:56.774218,55f198f3-f87c-42a8-b1ab-ed0709fd4630
0.22016406059265137,2021-07-12 23:43:27.655652,cb9be242-3f85-46df-b407-950cebed108f
0.31928563117980957,2021-07-12 23:43:58.051889,fa4c9e61-1850-4ae0-9554-5b936b7e89cf
0.25977158546447754,2021-07-12 23:44:28.586877,d900527a-8f42-410f-89d7-3c7d17d435f0
0.3110811710357666,2021-07-12 23:44:59.018859,228f7b9c-2a9b-4d77-9c4e-ae362f26163a
0.2081594467163086,2021-07-12 23:45:29.478710,9cc7e43c-7aab-4808-a9dc-90d4723be6dd
0.21851229667663574,2021-07-12 23:45:59.966050,865b365d-4c15-4987-8d8f-3d1092d0dc9e
0.20752263069152832,2021-07-12 23:46:30.353867,33b762da-5620-4166-bc3a-d3440a5d80b2
0.21993303298950195,2021-07-12 23:47:00.944715,1b657d18-1680-47f7-9f0d-a13eb2407d64
0.21890854835510254,2021-07-12 23:47:31.515962,a7e6b7e1-7e09-4813-9461-396c249e9d1f
0.31241583824157715,2021-07-12 23:48:01.926742,d5d2e8d6-a054-4302-bcfe-6088154d48ef
0.24418139457702637,2021-07-12 23:48:32.374551,7d499804-ba1a-439f-a50d-03a19cb01df4
0.3412656784057617,2021-07-12 23:49:02.765119,cd28a25f-0295-48fc-bb45-7fe1bf869c9b
0.25946831703186035,2021-07-12 23:49:33.648030,c16a8bbd-b508-40dc-84dc-71eed7c0267b
0.2212815284729004,2021-07-12 23:50:04.116339,bd94c4a8-3a3d-4fea-a31b-8260fc123416
0.2115621566772461,2021-07-12 23:50:34.478979,7c2a73ff-42f7-4750-81ab-a8b1f4d56d4f
0.2213425636291504,2021-07-12 23:51:05.243921,bd206084-6cab-45d8-8bee-626befad3ff7
0.2612955570220947,2021-07-12 23:51:35.895682,e1150c23-a12c-4c65-a88e-1d7ea3cf6276
0.207916259765625,2021-07-12 23:52:06.309560,bac0c0e7-5895-4115-ad1c-fbcf6ec5dc21
0.20943832397460938,2021-07-12 23:52:36.687777,59e2247c-c3ee-412e-b915-186d9159f173
0.18435049057006836,2021-07-12 23:53:07.017121,5b591d95-d61c-4f23-a099-eea6de69e185
0.27762866020202637,2021-07-12 23:53:37.368669,af9d561d-d303-43b8-80cb-d61dc5199665
0.2276761531829834,2021-07-12 23:54:07.815092,ebb47c40-56fb-4ac7-9e03-907bd0de8300
0.1958327293395996,2021-07-12 23:54:38.213160,13a5e659-b61a-45c8-91b3-0ed8cc0f1392
0.19879961013793945,2021-07-12 23:55:08.770157,287c13c2-68ac-41a2-b05a-e0cfca11c026
0.19907617568969727,2021-07-12 23:55:39.160161,5cacc8f1-a774-4a0f-8e79-772db59a8dd2
0.33027076721191406,2021-07-12 23:56:09.495219,6b1e9abc-e0fa-455f-bcd9-42a486f7b04b
0.2654595375061035,2021-07-12 23:56:39.989075,b20293b9-932e-49c9-8f7d-c10e62349cfb
0.21320867538452148,2021-07-12 23:57:10.456314,cdd25f53-f383-4b52-8cef-c34ccc9faf1c
0.19388675689697266,2021-07-12 23:57:40.818206,87d9b1d0-e64a-4237-803c-956d0ba6a9f7
0.3382248878479004,2021-07-12 23:58:11.171114,0057d648-cb78-4036-bd04-5bf26fd05960
0.2752070426940918,2021-07-12 23:58:42.065313,0a978468-eba6-4dd2-89d2-4da0c31d0542
0.2157275676727295,2021-07-12 23:59:12.636268,c8f45350-b607-4b99-8c8a-dc278961e586
0.21834230422973633,2021-07-12 23:59:42.992618,7ec56f95-10c2-41cf-a76e-0704403d0872
0.19837665557861328,2021-07-13 00:00:13.375963,0d8d47fb-3af3-4547-8505-c4fa585794f7
0.21352791786193848,2021-07-13 00:00:43.718814,f4e43d81-ed46-4a2a-9817-0b432fe400ad
0.2095484733581543,2021-07-13 00:01:14.302785,b2421c46-c1b6-4c09-994e-592fc7793189
0.2036135196685791,2021-07-13 00:01:44.952928,ed08cd7d-2b56-4b45-b75e-67e4b66ef5ce
0.26117682456970215,2021-07-13 00:02:15.329478,a1c1d3e4-9469-4212-beba-f7de7ccbc0d4
0.21416974067687988,2021-07-13 00:02:45.733557,49e6552f-99b3-40d5-859f-7a526e941ee9
0.3164846897125244,2021-07-13 00:03:16.107108,bb201c81-6f04-4aee-b4f2-914c4956043a
0.25533127784729004,2021-07-13 00:03:46.598819,849c7d8e-d81e-4e35-a49b-f99e845c2dcb
0.20664405822753906,2021-07-13 00:04:17.054211,34ecd0cd-a432-487b-be9e-d2ca2f8fabab
0.19703102111816406,2021-07-13 00:04:47.496090,4abed584-a477-4664-ac72-869672005571
0.18531250953674316,2021-07-13 00:05:17.859885,d46d5ecb-a1e8-498b-a238-d7378c92d94d
0.2113502025604248,2021-07-13 00:05:48.190408,51232665-4112-4eb1-bec0-e758c7fd1baa
0.23486876487731934,2021-07-13 00:06:18.563786,618bdf32-75e0-43a4-b378-f544ca6bf87f
0.2542123794555664,2021-07-13 00:06:48.922529,2f8c50be-af8c-4c74-af57-5efc43abcd21
0.20957374572753906,2021-07-13 00:07:19.319621,2b3b4dd9-d540-499b-a4e1-e62352a4b74c
0.20385956764221191,2021-07-13 00:07:49.722554,3f698211-8b7d-4ee3-8ae2-322f682c19de
0.32491588592529297,2021-07-13 00:08:20.057227,34c6211c-b905-4a55-9835-64ffe2aac699
0.25481152534484863,2021-07-13 00:08:50.513022,5fb8b567-a118-4cf6-98a5-1f59c92cf624
0.21900653839111328,2021-07-13 00:09:20.948832,9178d636-1c0d-4713-9189-c518c94c411c
0.19723749160766602,2021-07-13 00:09:51.308013,82a6dd31-9e39-4235-bf8c-2d1ad39d7b68
0.20503973960876465,2021-07-13 00:10:21.652582,b1806f23-5e4a-4706-b168-8bbd6c3c6eea
0.22866106033325195,2021-07-13 00:10:52.044277,af6ae877-d183-44b4-8b0a-cd74f7b9315d
0.3276510238647461,2021-07-13 00:11:22.428087,9b913e38-3494-4a39-b1bb-662bba8d9a3c
0.32662463188171387,2021-07-13 00:11:52.900923,43b742fc-d4c6-448d-a6da-82c404622601
0.21951866149902344,2021-07-13 00:12:23.390719,5e9aba6b-9a3a-4959-aaa7-60edc03c266b
0.20467710494995117,2021-07-13 00:12:53.755897,324b1cb4-00ad-4186-af79-135677886f8f
0.20443439483642578,2021-07-13 00:13:24.103098,5fa2cfa8-3014-4f09-a7f3-34e0a26dbd36
0.32652735710144043,2021-07-13 00:13:54.479750,aac4da45-3b0b-4ff6-a617-41b73e3bbfe5
0.20651459693908691,2021-07-13 00:14:25.057041,67efbffd-4623-4b40-9ac6-2dac08dda2d7
0.21324396133422852,2021-07-13 00:14:55.403462,887dc7ee-5f05-40ce-8127-5b21845cbbf3
0.2118988037109375,2021-07-13 00:15:25.769118,29b9137d-cd7a-4d36-b7fc-7bf97c3a4e6a
0.21449971199035645,2021-07-13 00:15:56.136345,091004f6-a225-4a66-bc3c-476ea87ca13b
0.25501227378845215,2021-07-13 00:16:26.502683,5687953c-4b71-4fb9-9db1-4cf24b5709e2
0.32706546783447266,2021-07-13 00:16:56.927454,ac857b20-df3b-4f12-b4cb-31075fdeda58
0.24728631973266602,2021-07-13 00:17:27.406461,399adc08-2aad-4fea-9067-abbaef00536e
0.222900390625,2021-07-13 00:17:57.768943,c21ad927-8fcd-4b34-9536-c7929675cc51
0.21590924263000488,2021-07-13 00:18:28.156664,0c722803-dff6-4136-b316-f4906d71cc08
0.3251035213470459,2021-07-13 00:18:58.629510,11b5f7c5-04cd-4a44-b3d0-49a21e81e41b
0.2086954116821289,2021-07-13 00:19:29.105957,b11de2a1-bc17-4494-8bb5-5916dd0aa7ae
0.2190096378326416,2021-07-13 00:19:59.506376,91446fb0-3ccb-4ee6-8a6a-a18aeb3f3392
0.2065718173980713,2021-07-13 00:20:29.861361,47cdedcf-34ea-4e7f-a6cc-6aa42a05b2db
0.23440909385681152,2021-07-13 00:21:00.219462,b5521182-c76f-49c0-a4a5-e2be36750752
0.2283780574798584,2021-07-13 00:21:30.626049,6d6674a2-4c0f-4f0e-aa01-94e07a663055
0.24332380294799805,2021-07-13 00:22:01.024710,f4c3c760-6cc0-4c52-a30a-220313b2b02d
0.3382866382598877,2021-07-13 00:22:31.409370,eac0f1be-2d9c-43ca-908f-21529f51514d
0.19743990898132324,2021-07-13 00:23:01.957790,484bd6a5-cbef-4efa-95ce-5ad9efac1edd
0.2711212635040283,2021-07-13 00:23:32.310309,d8002bd7-7e95-4b92-ae6e-7ffd378194f0
0.21230459213256836,2021-07-13 00:24:02.757759,9ed7dfce-552a-40da-a1fe-50c76472223d
0.2567148208618164,2021-07-13 00:24:33.203667,1f72848b-3002-41e5-bdb6-f546d1743a47
0.2641732692718506,2021-07-13 00:25:03.597426,892496e1-d60e-4de2-aa4f-87efc7ca7b24
0.3231825828552246,2021-07-13 00:25:34.002948,01110fe6-b7b6-4287-ac92-ee464893be49
0.20023822784423828,2021-07-13 00:26:04.511379,db8eb435-ce72-4f24-b67e-f083876e6bff
0.3232381343841553,2021-07-13 00:26:34.862070,99fd4a33-987d-4c58-976d-bb6dcf7a9784
0.20060014724731445,2021-07-13 00:27:05.356382,b88d8a4d-6b52-4515-88e4-010058d4fd87
0.32219409942626953,2021-07-13 00:27:35.739591,d32bbd21-bd05-4215-90e8-f7f101c416d3
0.32273268699645996,2021-07-13 00:28:06.203752,285e9bb8-22a3-4429-be3f-32c2c8abd287
0.3324105739593506,2021-07-13 00:28:36.674853,f4a6e5c1-c6e1-40d6-8688-ce6173af7ab8
0.2245020866394043,2021-07-13 00:29:07.180358,a81f390b-c817-4a13-b5d5-e590cf2a60a7
0.2032911777496338,2021-07-13 00:29:37.530335,0ae2840f-4ab4-43bb-892a-a444e718f31a
0.33818721771240234,2021-07-13 00:30:07.881491,e8979298-e002-4a46-aa34-57bba8abdbdf
0.2687807083129883,2021-07-13 00:30:38.396382,5746dfb3-4f13-40f9-8685-b4078fb61a54
0.3128046989440918,2021-07-13 00:31:08.785011,2ae2a628-c306-4909-8254-70e349f0bee5
0.3468935489654541,2021-07-13 00:31:39.261090,1764e47f-d5a9-47ac-a388-07066a55574b
0.33519625663757324,2021-07-13 00:32:09.779485,27177a9e-e7be-4bd2-90e5-2fdfe8633ffa
0.33023524284362793,2021-07-13 00:32:40.265628,9b40511c-eb79-4262-a908-938ba431b965
0.2443852424621582,2021-07-13 00:33:10.738480,ebd60aa2-ed5c-4c65-a5f8-fdf295a5aa0b
0.25847506523132324,2021-07-13 00:33:41.150307,e49f1afa-24b0-4628-8e81-17473c4e0401
0.2164907455444336,2021-07-13 00:34:11.521487,4c79921f-b630-443b-b3e0-4fb7ffdcd7e7
0.34188365936279297,2021-07-13 00:34:41.876919,9e2fb872-7098-4ebf-9bc0-78c365f6cce6
0.1956472396850586,2021-07-13 00:35:12.386504,5793d96f-2903-4c11-b351-fc17ddc95da4
0.26607608795166016,2021-07-13 00:35:42.722405,797dfd08-eb60-4609-bbb4-0d8da65fa786
0.3308866024017334,2021-07-13 00:36:13.140043,aaa6a8d7-25f1-4e2a-a948-1bd8cb36dae3
0.20015168190002441,2021-07-13 00:36:43.645359,81a0031a-d874-474d-af7c-3f7a4d8acef5
0.2506592273712158,2021-07-13 00:37:13.981962,abf0c956-d5b2-4bb4-b470-61ece0c7e59c
0.20406532287597656,2021-07-13 00:37:44.358833,c5b523d3-6b81-400c-bff4-b0f1ef9f5dd7
0.30841875076293945,2021-07-13 00:38:14.789840,b335a4e2-f268-440a-b70f-3fd77f29da11
0.21596169471740723,2021-07-13 00:38:45.245991,1c710d6c-b65c-4508-8cda-b23f8e77b242
0.2663235664367676,2021-07-13 00:39:15.615186,2efd0dda-33e2-48d0-bdff-941690f1c9ca
0.3046855926513672,2021-07-13 00:39:46.051204,b5f608c8-7a2b-4860-ab6e-8922d5a3d0d3
0.20485663414001465,2021-07-13 00:40:16.505456,64ffad42-f861-420d-94a5-c986b22edb66
0.3199467658996582,2021-07-13 00:40:46.855242,5a927a0e-8d8a-4a96-8947-ab78c73e4a24
0.3102080821990967,2021-07-13 00:41:17.354273,c97c62ab-c754-4742-89e6-036e3f31d1e2
0.3108856678009033,2021-07-13 00:41:47.817862,3d1295a8-1298-4bdb-8c20-cfe2bdba8f72
0.22169804573059082,2021-07-13 00:42:18.251887,18a90aec-f1a1-495e-b48a-069550fffcaf
0.321521520614624,2021-07-13 00:42:48.646723,70785156-9778-4f7f-ae1c-7a76d1b92240
0.2055191993713379,2021-07-13 00:43:19.122784,ff4a47be-6e31-4cd8-830e-cef44866c940
0.19611215591430664,2021-07-13 00:43:49.470264,8df1c0ad-0c0d-4e3f-afee-01bbd245042f
0.30902743339538574,2021-07-13 00:44:19.836859,8464db93-c80e-40c0-9baf-324829d0a597
0.197983980178833,2021-07-13 00:44:50.288431,ed7b751d-2cb3-4273-ba2d-91bff38f275c
0.33103442192077637,2021-07-13 00:45:20.627975,294b285c-8c27-48c0-a6c3-586aa9325252
0.18007326126098633,2021-07-13 00:45:51.124258,ad17686d-41e7-40fc-9859-de0ac51915d4
0.25516176223754883,2021-07-13 00:46:21.451567,2c4207a6-3bf7-4761-a728-36399b56e06c
0.32707643508911133,2021-07-13 00:46:51.854197,4889c2a6-1598-47c9-a5ed-8f468f95a46c
0.26057863235473633,2021-07-13 00:47:22.352950,6447afee-f0cb-46e5-be53-0ed2d2fb4bb8
0.197709321975708,2021-07-13 00:47:52.748421,de7e8999-18a7-4969-8451-ce26fa992f7e
0.21068453788757324,2021-07-13 00:48:23.068687,de6e9787-ae04-47ad-b07b-e38910ee0a88
0.2389509677886963,2021-07-13 00:48:53.444642,5486d523-3823-4cc4-9f96-3700516f41b6
0.3182356357574463,2021-07-13 00:49:23.828750,f668f7d4-52b6-4a73-ab90-288aa36dd347
0.33896899223327637,2021-07-13 00:49:54.323368,0d178973-45d4-404b-bee3-5eea378397a6
0.2063279151916504,2021-07-13 00:50:24.821345,bc04c310-cc9a-4479-a854-118bd362e1e9
0.3197460174560547,2021-07-13 00:50:55.177114,26a4be51-b407-490d-aea6-bafed94ae976
0.3274991512298584,2021-07-13 00:51:25.638794,4f02b1c3-05d4-41a1-82c7-a1eaf5075424
0.2552919387817383,2021-07-13 00:51:56.108623,e33fd29b-a952-43df-9ce0-a10ce9373601
0.18003225326538086,2021-07-13 00:52:26.496038,78095077-4044-44e0-a52f-75db0aa9d74f
0.32560229301452637,2021-07-13 00:52:56.871182,1524aff6-198e-40a4-8e58-d2a7dcb880ce
0.20267176628112793,2021-07-13 00:53:27.387925,b2469cba-5122-4abd-ac65-6a460da7b78d
0.18987441062927246,2021-07-13 00:53:57.736296,e1dd41e6-148c-42ff-826f-4c9b85b846be
0.23975253105163574,2021-07-13 00:54:28.076157,ab719c6f-c9df-4e89-9cce-313879828a63
0.19405817985534668,2021-07-13 00:54:58.479628,65418e8d-48df-40c7-8361-b2a73993fc74
0.22064542770385742,2021-07-13 00:55:28.829385,f5b992f0-77bc-41a6-a354-dff1ee5edf92
0.1997983455657959,2021-07-13 00:55:59.188756,f5d23a9c-b7f2-492e-8536-5860d9ef24c7
0.2798023223876953,2021-07-13 00:56:29.547238,37436909-838a-482a-b857-ebf87fe7ea49
0.2552914619445801,2021-07-13 00:57:00.027486,8283b84d-580a-4652-be2f-da3c35384706
0.21957635879516602,2021-07-13 00:57:30.425049,c1824964-0d87-4c9c-bd43-e750c16a351f
0.31464576721191406,2021-07-13 00:58:00.818252,0156ecc2-baa8-4ab0-b5da-9ab29cd3dc80
0.3356902599334717,2021-07-13 00:58:31.248460,b71867f4-1f44-42c7-9f50-7eb69454ac9a
0.2176680564880371,2021-07-13 00:59:01.722214,e4fab6d0-0a96-47b4-a416-8d0a764790a6
0.20984482765197754,2021-07-13 00:59:32.128965,3651ba9e-bafe-4ae9-9769-4ec3421e3847
0.2561323642730713,2021-07-13 01:00:02.552568,72cb9dbb-889b-45d9-b20b-6ae9ef9f3c72
0.27752089500427246,2021-07-13 01:00:32.957252,b633c994-35cd-4b64-b0c0-249ee8cdcf55
0.23764777183532715,2021-07-13 01:01:03.417896,d4ec8aae-bf0d-4f7b-99f6-d8a0c17ba227
0.21073246002197266,2021-07-13 01:01:33.805162,2914e97b-1a67-4cab-9c84-4eba0ce8772e
0.33580660820007324,2021-07-13 01:02:04.237272,882c4edf-e2cd-41e6-b7ba-e4d816a63657
0.32915496826171875,2021-07-13 01:02:34.748318,32f2fed4-32f8-40b4-946c-ff44cec6e9b2
0.22253799438476562,2021-07-13 01:03:05.242468,df0f31aa-f798-460b-b0fe-a9db024a5240
0.22017884254455566,2021-07-13 01:03:35.652944,76bdb75d-672a-461a-a2cb-97c654e2aafb
0.21048498153686523,2021-07-13 01:04:06.120497,7ae94058-774e-49d5-ba71-cf93caddbea2
0.246138334274292,2021-07-13 01:04:36.480489,f5a140fb-0e03-4fe5-af14-9c7f26be3cc8
0.34020090103149414,2021-07-13 01:05:06.882794,1e931ebd-65e3-4d06-b666-9f8fda19543e
0.19957804679870605,2021-07-13 01:05:37.396205,e7a1b5de-de88-42c8-b63e-98009b8cb734
0.1857130527496338,2021-07-13 01:06:07.751207,31ca4888-c313-4e8a-a57c-3b7802191722
0.3295471668243408,2021-07-13 01:06:38.075897,75992c70-bc4d-4e92-b50d-f8dc5c5d96ca
0.326993465423584,2021-07-13 01:07:08.577672,87403e83-1d5c-459b-8392-88acaeed2d51
0.19995594024658203,2021-07-13 01:07:39.046038,927a0eb6-6b8d-4509-b8c6-492bd116ec5e
0.2113182544708252,2021-07-13 01:08:09.388290,7862ea1d-56b7-4b5c-a9cf-0b5cec523a16
0.21544289588928223,2021-07-13 01:08:39.752757,e6b35c7e-cf9e-489b-88cb-1ae802a919f2
0.32521581649780273,2021-07-13 01:09:10.114151,b116f38f-484a-4b2d-aede-cb01e02cbab1
0.3243143558502197,2021-07-13 01:09:40.619614,d4ffb2ce-5c16-4a15-b512-b5f776d5766b
0.23995423316955566,2021-07-13 01:10:11.132635,ff79f6e2-02d9-4fa0-9df6-f16f2850811c
0.20294737815856934,2021-07-13 01:10:41.503180,9481a2f1-c414-4e70-9f80-5466401fcbcc
0.22119450569152832,2021-07-13 01:11:11.867649,80ace702-437d-4514-87d1-83ef17b79b44
0.20700907707214355,2021-07-13 01:11:42.253878,3346a80c-bbe8-4629-a290-eab2ab0e5967
0.21158552169799805,2021-07-13 01:12:12.609864,b82bfbfb-29cc-4aa4-897b-4dc7b1514a5a
0.2061915397644043,2021-07-13 01:12:42.987608,5decb688-0616-449c-8c67-0465891eee7e
0.32782721519470215,2021-07-13 01:13:13.397501,e322e018-9bfc-472e-b656-d21da8c6cb40
0.20341157913208008,2021-07-13 01:13:43.889078,de354dfb-e465-4041-98f3-1e792d13d08b
0.2523972988128662,2021-07-13 01:14:14.241699,ab555db2-b947-4d39-92d7-908156232b0c
0.31397533416748047,2021-07-13 01:14:44.664419,313714c2-0f02-4801-a16a-da53bdbc8f98
0.3145921230316162,2021-07-13 01:15:15.147137,aa4a64e1-d1be-46ae-b104-b5e83e114280
0.2167208194732666,2021-07-13 01:15:45.625446,fce5f871-3314-4a2c-b900-5a53dea2ce81
0.2105090618133545,2021-07-13 01:16:16.036035,135a439a-414f-413a-bb15-cbefca0c3dbe
0.20989346504211426,2021-07-13 01:16:46.415249,db0cc497-a4b2-4ccf-ad0e-e72dd29f4c1d
0.3340795040130615,2021-07-13 01:17:16.794132,1d49dcfc-14f3-48af-bacc-166e000451d5
0.17983555793762207,2021-07-13 01:17:47.313101,70052232-3cbc-4c72-945a-cb2682ac8395
0.1972360610961914,2021-07-13 01:18:17.657016,fe5490a6-5b98-42d2-a3bd-08b56a622b5f
0.1958787441253662,2021-07-13 01:18:48.110564,43e1db82-0dae-44f2-b2c2-2434595d4dbc
0.21327710151672363,2021-07-13 01:19:18.475766,256be92b-f299-40d5-af0b-b6886f0f8557
0.29655981063842773,2021-07-13 01:19:48.830819,c4c2194e-6aea-4339-8b9a-2ddac1b37ca6
0.25689053535461426,2021-07-13 01:20:19.257226,7e7ea615-576f-44f3-9862-1a9b64e879db
0.24769830703735352,2021-07-13 01:20:49.693636,dc85b6e2-ef9f-46f1-a3c8-7b0cbccac595
0.1923985481262207,2021-07-13 01:21:20.088739,1cb42663-93f7-4099-8ae9-8655cef3a770
0.20799946784973145,2021-07-13 01:21:50.508839,3702e039-cbe7-49e7-ad80-6143889f403c
0.1959223747253418,2021-07-13 01:22:20.887828,debd8d09-287f-4ac9-9efa-f1194517d3fa
0.26852869987487793,2021-07-13 01:22:51.219839,758da8e1-d1ed-482a-8289-cc9be04b3021
0.26939892768859863,2021-07-13 01:23:21.639866,6dc1a869-bdda-4e0c-a81d-0e8e0092ad28
0.27704358100891113,2021-07-13 01:23:52.052847,c5d27747-1a01-4483-9b06-51209eb20812
0.20609736442565918,2021-07-13 01:24:22.478426,09bdd42a-fe09-49c8-8e4f-4b08fdf22913
0.26061511039733887,2021-07-13 01:24:52.833998,7cf1f0e8-7cdc-4bdf-b4b7-b3551c5cbc50
0.1946735382080078,2021-07-13 01:25:23.322130,8beb11c4-69b7-4fc3-92ce-be267ff6cb39
0.31815099716186523,2021-07-13 01:25:53.660737,f50f9732-4b29-4782-bb81-b71ff1886dbb
0.21181559562683105,2021-07-13 01:26:24.123393,68d87089-2f41-447b-bf59-977972092937
0.2508382797241211,2021-07-13 01:26:54.511338,aa1c0862-b144-4c05-80c5-973e1485daf2
0.3361241817474365,2021-07-13 01:27:24.971420,e73b053b-7fe2-4fa9-a384-060a346cfc4b
0.21341419219970703,2021-07-13 01:27:55.454848,1d125735-82ef-4dcd-986e-84d9171634ee
0.3036825656890869,2021-07-13 01:28:25.872322,ab01ead2-3060-41f9-ab6d-7b6f6df6fbcb
0.3154733180999756,2021-07-13 01:28:56.339271,2cefcd47-dfcb-4ae2-ba51-dc2035962549
0.34167909622192383,2021-07-13 01:29:26.803142,5c818eb1-d3b6-4506-974e-d1ee52f71289
0.2525298595428467,2021-07-13 01:29:57.377657,4347e763-321b-43b6-904b-085ceabf4b3c
0.2135927677154541,2021-07-13 01:30:27.761594,ba5f8906-fc24-44d1-9e20-90b7c2f91044
0.19404935836791992,2021-07-13 01:30:58.117522,8327c2f9-93d6-4d24-9083-54f0479c9fec
0.22837114334106445,2021-07-13 01:31:28.472868,d2f5009d-4f08-49e1-aa4e-f73b12909f37
0.24396586418151855,2021-07-13 01:31:58.847121,9ad4e4e1-0549-4426-89f2-db1b1c4666fa
0.18709802627563477,2021-07-13 01:32:29.234478,041d6200-96af-43ff-80d2-b1fdf24ed6d6
0.20126008987426758,2021-07-13 01:32:59.583109,7c4e3fbc-b8f2-4141-8476-2a93a909401d
0.32853269577026367,2021-07-13 01:33:29.928228,257a06b3-f47b-4068-aefe-64044c0d83d5
0.3226280212402344,2021-07-13 01:34:00.410503,671b704a-bbbb-4d86-b6a0-fd80a6fae7e0
0.2502915859222412,2021-07-13 01:34:30.900365,88730a7c-7099-4083-9a8d-12369fc2c7c8
0.3176913261413574,2021-07-13 01:35:01.264683,589890d9-d3d1-44db-aa79-f51aec3c65a6
0.21869826316833496,2021-07-13 01:35:31.723355,4c189a70-e8f8-4fb1-bfc9-07c45a3e5949
0.2573220729827881,2021-07-13 01:36:02.111449,0d7dae20-4c25-40a4-892c-cff85422031a
0.30686259269714355,2021-07-13 01:36:32.527979,d85ad471-525c-44b3-ac10-82479b34532a
0.3280458450317383,2021-07-13 01:37:02.980088,7abc63f2-b54f-4b34-a57e-fec803f6de7c
0.20954442024230957,2021-07-13 01:37:33.514036,cf56b682-10e6-4552-b67c-43266540c693
0.20215106010437012,2021-07-13 01:38:03.866021,494ffc61-f2b2-45d4-9116-1952d86e361b
0.3240928649902344,2021-07-13 01:38:34.265410,af0bcfcc-e5a9-48b4-9534-c1374b3de536
0.2459564208984375,2021-07-13 01:39:04.855094,877d0981-cb72-465a-b611-41bb1e5c9403
0.24100089073181152,2021-07-13 01:39:35.240421,c430005a-5e9f-4172-96c2-329969aca905
0.33917903900146484,2021-07-13 01:40:05.623213,02be770a-a506-4124-9df9-b16fc5260749
0.20180273056030273,2021-07-13 01:40:36.142356,6af2eafb-b194-4f76-bd54-b26c2a35754f
0.20466899871826172,2021-07-13 01:41:06.501691,8d1289de-6352-458f-acec-85fa983a8605
0.20744657516479492,2021-07-13 01:41:36.839334,e67b96e7-9a4c-4997-93fc-4bc7d477b833
0.2385110855102539,2021-07-13 01:42:07.227960,4e50aab3-52a7-4b66-8be6-ef1947933164
0.3324432373046875,2021-07-13 01:42:37.619357,3485b433-7b13-46dc-bd02-de7c7dd8f093
0.33371829986572266,2021-07-13 01:43:08.114777,b8337c36-a1c9-4e4e-a680-b913f987afa8
0.3164041042327881,2021-07-13 01:43:38.621842,e985cc2a-2180-4b17-8229-fc93be141e9a
0.236497163772583,2021-07-13 01:44:09.094589,bb9001c3-cf60-482b-921e-f930c8de0958
0.19977617263793945,2021-07-13 01:44:39.480993,ae2a101b-54d2-4878-a012-133969bced4a
0.23613452911376953,2021-07-13 01:45:10.042560,e23bc25b-b5b5-45cc-9700-87ae353c0616
0.2079315185546875,2021-07-13 01:45:40.563518,27422e58-79dc-41dd-928e-d0769befd82d
0.3249673843383789,2021-07-13 01:46:11.041524,eef983b7-e091-4392-b825-e0d7574f2334
0.20227384567260742,2021-07-13 01:46:41.865884,57c30d3a-ee33-4e18-b4f8-50e9b0ef5db3
0.31970810890197754,2021-07-13 01:47:12.279005,96bea6e1-1a56-4ed0-b102-d81b390fb201
0.2089395523071289,2021-07-13 01:47:42.736664,09344a35-bec2-4ab4-b600-cac2349a29b6
0.20462656021118164,2021-07-13 01:48:13.484864,42e55942-e895-4e51-8db3-e545535fe4aa
0.19443964958190918,2021-07-13 01:48:43.831739,de6a211b-e297-42ea-9e7a-880930a8d875
0.2084958553314209,2021-07-13 01:49:14.285920,666caf69-b115-4df9-b3d6-64dd0e9eb523
0.24886059761047363,2021-07-13 01:49:44.688188,f0d435d6-4756-42ea-8210-4d0c7e314f10
0.3188042640686035,2021-07-13 01:50:15.341159,56f9d18c-9621-4870-8a7a-23d14012e8b8
0.3226468563079834,2021-07-13 01:50:45.817370,a57d6d08-7cfd-4d74-9f5e-478bd9606c14
0.23869872093200684,2021-07-13 01:51:16.561923,2aa95126-4267-4398-8686-a4b82753f8e2
0.3072972297668457,2021-07-13 01:51:46.967484,e58e4bf4-3e20-465b-ba7e-e015b3f8d633
0.3318662643432617,2021-07-13 01:52:17.535844,2cd18d09-6ac6-4d1b-bec8-54116e11e5d8
0.20004820823669434,2021-07-13 01:52:48.275309,7e06ffd6-2add-40c0-91d8-3b2bcd6e38e3
0.19307565689086914,2021-07-13 01:53:18.618143,6390fae6-2664-4256-b8cb-4a9158261c85
0.2730567455291748,2021-07-13 01:53:49.159835,eefff8ac-6cd6-44a5-87bc-927864c0801b
0.23681354522705078,2021-07-13 01:54:19.830811,6cf62e28-dc24-4a76-af68-a11d107712a5
0.247147798538208,2021-07-13 01:54:50.235516,7af5306f-6cfb-4fd9-85f7-f6a93e6433d4
0.19243097305297852,2021-07-13 01:55:20.735624,3cc3ba44-fe7a-4676-9185-7f6dd91ca9ab
0.243302583694458,2021-07-13 01:55:51.101384,2610e823-6adb-4f93-9712-0b22c58b6e33
0.31374335289001465,2021-07-13 01:56:21.683861,4ab96eb1-a2ab-4d2a-903e-a5e2be030fe6
0.21590471267700195,2021-07-13 01:56:52.349043,a147b101-ec14-4f91-a226-144f01f6e703
0.3198089599609375,2021-07-13 01:57:22.968721,f45684cf-db7a-422a-91b4-d6bd3614ffb5
0.20618081092834473,2021-07-13 01:57:53.672103,444434b7-c862-4684-90c4-3eec0d843f7d
0.32745790481567383,2021-07-13 01:58:24.025350,83556416-7d2f-4b46-be78-d1ff2bec115e
0.2626159191131592,2021-07-13 01:58:54.514129,3b245da3-2d36-42e5-a480-c5ba27b4a1d6
0.2493424415588379,2021-07-13 01:59:25.027873,0cda02d0-e2eb-4903-9eaa-f09396dd50aa
0.3222525119781494,2021-07-13 01:59:55.460837,df4ade2b-6249-4588-8050-c0b6694b44d3
0.1883838176727295,2021-07-13 02:00:26.191540,1cb559ab-eef1-47b3-b2d9-0a3c3f82bd80
0.23257160186767578,2021-07-13 02:00:56.767108,75989e36-0034-40b7-998d-49d9f6b66e66
0.1996171474456787,2021-07-13 02:01:27.312831,2ee3311c-d986-42a1-8edf-36d4c5a22352
0.30845141410827637,2021-07-13 02:01:58.092354,8a46ad06-00b9-42a5-b083-cbceba72ae57
0.25160932540893555,2021-07-13 02:02:28.765831,e5fe57c5-ebfd-4889-8dd1-f6bb3380a4b4
0.21451520919799805,2021-07-13 02:02:59.298121,1ea5735e-8c60-4742-a78d-6403041e219a
0.32306480407714844,2021-07-13 02:03:29.926143,776dbcc5-3d47-4bbc-a21f-d1dc4e24e96d
0.31679677963256836,2021-07-13 02:04:00.612057,071220ae-f9fe-4fb6-99f3-4850a0f62f83
0.33069634437561035,2021-07-13 02:04:31.314021,4500f61d-f758-4514-85ab-5bad36ee2d33
0.3110625743865967,2021-07-13 02:05:02.084882,f5e479f3-ad49-43d7-88b4-074fba80f4a0
0.23310160636901855,2021-07-13 02:05:32.554614,df485318-ed3a-4d53-8fd5-1adac70d39bc
0.19145631790161133,2021-07-13 02:06:02.931455,46df1db4-a1fa-465d-ba7b-8a6ab708edb4
0.19493937492370605,2021-07-13 02:06:33.427167,513b8b54-ffd4-4e71-b1e4-402573259e73
0.243363618850708,2021-07-13 02:07:03.821538,9ccdad36-ab68-43ab-9faf-b497dc009bc4
0.32074618339538574,2021-07-13 02:07:34.270711,b936338e-8eb5-458a-90c7-2dd5eafd5668
0.20734786987304688,2021-07-13 02:08:04.893304,0a21e443-d5b3-4610-83dd-4b3291f4cf8f
0.21019601821899414,2021-07-13 02:08:35.352612,4698e57c-7a8f-42b8-8adb-390ba22ea51e
0.3250274658203125,2021-07-13 02:09:05.717136,aaed3f76-12a9-4272-bfd4-6d68a66ff01b
0.23320746421813965,2021-07-13 02:09:36.376607,bd637a77-4d45-4f34-b0e3-7b0ae5942e2b
0.21175026893615723,2021-07-13 02:10:06.796023,18e159fe-67bc-4a99-a4d3-99592adff696
0.31914258003234863,2021-07-13 02:10:37.329878,e91b235a-223f-450e-8d19-652837fe844d
0.32010650634765625,2021-07-13 02:11:07.980270,b9d299fa-ee5d-477b-b487-02cc5575e48c
0.324923038482666,2021-07-13 02:11:38.444548,fa4b6695-51c1-4723-a492-7162a7a79301
0.32935667037963867,2021-07-13 02:12:08.925404,94cac482-61c6-4137-8c17-2b92d38f1058
0.33382415771484375,2021-07-13 02:12:39.437589,9f455fc9-18b8-4664-8edf-053895768e47
0.3033144474029541,2021-07-13 02:13:10.067403,7572c3eb-9643-4dc2-a56e-cdb9b3410de3
0.22257614135742188,2021-07-13 02:13:40.647952,2469f034-77ee-4617-91dd-7df46a7407ec
0.18029069900512695,2021-07-13 02:14:11.176329,7ce68d33-fdec-47eb-af09-db96394e3d48
0.19858860969543457,2021-07-13 02:14:41.586246,f4235a32-7c02-4ab1-97c0-6a61db332f16
0.2606387138366699,2021-07-13 02:15:12.066816,275f8f44-d777-4ccd-888c-93fe102dac3d
0.23142647743225098,2021-07-13 02:15:42.594468,fa2f62cc-7158-47ca-ba1f-8c917ae2d4b9
0.2171037197113037,2021-07-13 02:16:13.103741,8e84097c-659d-4012-8bb2-bebca7f66c91
0.33498477935791016,2021-07-13 02:16:43.575011,2ac12cec-6a30-4d70-aac6-761588e86525
0.19869112968444824,2021-07-13 02:17:14.219449,8c9bc970-65b8-4b50-a187-6ee9aefdb247
0.20737123489379883,2021-07-13 02:17:44.700045,08707649-6036-4c2e-a329-2391569bd400
0.3376646041870117,2021-07-13 02:18:15.119735,2fec5bf9-2cb5-4c51-b27d-ab69dc60a8e3
0.32776880264282227,2021-07-13 02:18:45.803242,017b3643-0518-43b1-9e59-faad3edbce14
0.33214259147644043,2021-07-13 02:19:16.483174,a0c600d3-00d1-4faa-958d-076609b97671
0.33187413215637207,2021-07-13 02:19:46.972613,10c29dec-7017-4150-b861-ff4acf156d9d
0.2375338077545166,2021-07-13 02:20:17.479667,ad52a2e9-ccc4-4237-822e-3ddd7701a396
0.22625327110290527,2021-07-13 02:20:48.023369,34278a24-9d61-4299-abe0-5544227c720c
0.20149612426757812,2021-07-13 02:21:18.450268,5f51762c-4995-45c6-a940-df7058ab8f6d
0.2102656364440918,2021-07-13 02:21:49.029330,c91c7500-90f5-4e7f-80fd-4c66f555cccd
0.23533248901367188,2021-07-13 02:22:19.540087,1b6c4e06-1561-4f56-92e0-2352762a0771
0.3256344795227051,2021-07-13 02:22:50.029064,90ac16cb-6ceb-43d6-a936-20e97dce14b6
0.2028348445892334,2021-07-13 02:23:20.659307,4e6e0df9-a1f7-4e60-9321-bcee4356d6ff
0.21727776527404785,2021-07-13 02:23:51.062253,cb049dd0-6406-4098-8278-24f6aa9ef670
0.33368444442749023,2021-07-13 02:24:21.485140,e8412df9-8a71-422f-8d2c-fafaf0b07afb
0.22589898109436035,2021-07-13 02:24:52.201263,d77c6f2e-b42e-42cf-b852-54011e37b65c
0.3067290782928467,2021-07-13 02:25:22.589675,c3a24c25-0dee-4528-81fa-bf6920e473fd
0.3178727626800537,2021-07-13 02:25:53.029635,af55055c-83d2-4058-a0d0-f06d7dcf12bf
0.3235437870025635,2021-07-13 02:26:23.776359,af53e07f-242d-4fac-9ff6-89a1dc3894eb
0.25308704376220703,2021-07-13 02:26:54.236255,91ab226b-e492-4f0f-a76e-cb983344d8fa
0.2074260711669922,2021-07-13 02:27:24.776404,a67a2c2f-6614-4f8b-a727-b5b645547f41
0.2010209560394287,2021-07-13 02:27:55.485912,8b0b74c9-76e5-40f9-b905-577f42f08906
0.32499217987060547,2021-07-13 02:28:25.834210,449a98bd-7c94-4ce5-b4db-3d0e202c0700
0.3213636875152588,2021-07-13 02:28:56.383707,e089d345-70aa-4ef6-92c8-c09e362eba62
0.21223735809326172,2021-07-13 02:29:27.057648,63bcaadf-74c8-4077-a64f-3667f1d5b8b1
0.2243039608001709,2021-07-13 02:29:57.540304,b00171e3-f084-481a-9ed4-7207cf62a23e
0.2018601894378662,2021-07-13 02:30:27.909255,4fe2b1b0-cfa1-4e6e-9da9-1d9f14177fd8
0.3127758502960205,2021-07-13 02:30:58.626111,c6f187d1-f70c-4ca0-bb22-09ae5789fc45
0.20665526390075684,2021-07-13 02:31:29.212145,4d550cde-5c67-4fda-841e-e8e1e1a44a68
0.21293997764587402,2021-07-13 02:31:59.697990,7ce18463-ab46-4596-b5fe-9ce3205d801b
0.33906054496765137,2021-07-13 02:32:30.427293,02848660-0f6e-4660-aa17-4b58359c6dc8
0.24982976913452148,2021-07-13 02:33:00.910134,c8f588e2-3504-4d89-adb9-a6268166516c
0.21991300582885742,2021-07-13 02:33:31.486904,e0ee2e25-cafa-492e-b449-803f2b775252
0.23881816864013672,2021-07-13 02:34:01.903012,f2bce528-f8fa-445e-8f06-79b1619d25b4
0.3167600631713867,2021-07-13 02:34:32.544939,de1ac0c4-61a0-471a-901c-ed6ee85939a2
0.25526952743530273,2021-07-13 02:35:03.135923,757a0139-8b29-4704-b377-30084562f0a5
0.24925541877746582,2021-07-13 02:35:33.875964,fb07590b-6674-4480-b26c-a52f32d19e02
0.20850658416748047,2021-07-13 02:36:04.488030,85372d05-6ab7-48cd-ae4d-0dae9ef427b6
0.26303768157958984,2021-07-13 02:36:34.972098,ea55fc71-8fe6-4233-82ec-dc176558068b
0.2129685878753662,2021-07-13 02:37:05.440875,7782a96c-a951-430f-8841-326bb4729674
0.32440662384033203,2021-07-13 02:37:36.031416,c4acddaa-8e61-4123-a4a4-abb01971a23f
0.33494043350219727,2021-07-13 02:38:06.730830,39b6d833-55b2-4141-ad43-5dfe5cb36794
0.2046492099761963,2021-07-13 02:38:37.373747,cbbff2f8-29b6-4fbd-af85-cd2e04407c52
0.19292259216308594,2021-07-13 02:39:07.985247,12e75830-3523-4203-9cc2-ccfcc74e3224
0.22717690467834473,2021-07-13 02:39:38.540243,a2fb1c8e-6300-465a-a5cb-45100c544454
0.23270869255065918,2021-07-13 02:40:09.236976,8e82f00c-883a-4ecd-ba12-af58c5177502
0.3083460330963135,2021-07-13 02:40:39.829678,85efa7b1-e1f0-4177-bcff-36bd90598da7
0.2708289623260498,2021-07-13 02:41:10.487979,58937fb4-82a2-4589-a748-0cc0f5d75b56
0.31519460678100586,2021-07-13 02:41:41.331678,3864ee64-a6f0-4d92-9ea5-8a921524603a
